"","GEOID","NAME","variable","estimate","moe"
"1","19001","Adair County, Iowa","B25107_001",112200,5589
"2","19001","Adair County, Iowa","B25107_002",NA,NA
"3","19001","Adair County, Iowa","B25107_003",NA,NA
"4","19001","Adair County, Iowa","B25107_004",213000,46015
"5","19001","Adair County, Iowa","B25107_005",143100,58018
"6","19001","Adair County, Iowa","B25107_006",127600,24273
"7","19001","Adair County, Iowa","B25107_007",158100,24363
"8","19001","Adair County, Iowa","B25107_008",110000,11668
"9","19001","Adair County, Iowa","B25107_009",86200,22822
"10","19001","Adair County, Iowa","B25107_010",100800,28672
"11","19001","Adair County, Iowa","B25107_011",100300,10651
"12","19003","Adams County, Iowa","B25107_001",88800,20281
"13","19003","Adams County, Iowa","B25107_002",NA,NA
"14","19003","Adams County, Iowa","B25107_003",331600,25429
"15","19003","Adams County, Iowa","B25107_004",212500,63634
"16","19003","Adams County, Iowa","B25107_005",110100,22417
"17","19003","Adams County, Iowa","B25107_006",151100,33011
"18","19003","Adams County, Iowa","B25107_007",183300,109864
"19","19003","Adams County, Iowa","B25107_008",103600,83657
"20","19003","Adams County, Iowa","B25107_009",74400,19244
"21","19003","Adams County, Iowa","B25107_010",75700,33986
"22","19003","Adams County, Iowa","B25107_011",57000,7045
"23","19005","Allamakee County, Iowa","B25107_001",142600,10822
"24","19005","Allamakee County, Iowa","B25107_002",NA,NA
"25","19005","Allamakee County, Iowa","B25107_003",276200,9954
"26","19005","Allamakee County, Iowa","B25107_004",230600,25077
"27","19005","Allamakee County, Iowa","B25107_005",184500,37613
"28","19005","Allamakee County, Iowa","B25107_006",151400,41613
"29","19005","Allamakee County, Iowa","B25107_007",123900,14610
"30","19005","Allamakee County, Iowa","B25107_008",118500,15821
"31","19005","Allamakee County, Iowa","B25107_009",183000,38498
"32","19005","Allamakee County, Iowa","B25107_010",104800,41066
"33","19005","Allamakee County, Iowa","B25107_011",106200,10108
"34","19007","Appanoose County, Iowa","B25107_001",91800,6262
"35","19007","Appanoose County, Iowa","B25107_002",NA,NA
"36","19007","Appanoose County, Iowa","B25107_003",270000,37860
"37","19007","Appanoose County, Iowa","B25107_004",125000,34806
"38","19007","Appanoose County, Iowa","B25107_005",175000,49861
"39","19007","Appanoose County, Iowa","B25107_006",111100,73511
"40","19007","Appanoose County, Iowa","B25107_007",97700,12839
"41","19007","Appanoose County, Iowa","B25107_008",93200,21817
"42","19007","Appanoose County, Iowa","B25107_009",75000,12457
"43","19007","Appanoose County, Iowa","B25107_010",57600,14105
"44","19007","Appanoose County, Iowa","B25107_011",66700,12943
"45","19009","Audubon County, Iowa","B25107_001",88700,6363
"46","19009","Audubon County, Iowa","B25107_002",NA,NA
"47","19009","Audubon County, Iowa","B25107_003",335700,76055
"48","19009","Audubon County, Iowa","B25107_004",181300,81889
"49","19009","Audubon County, Iowa","B25107_005",168200,21646
"50","19009","Audubon County, Iowa","B25107_006",106300,75506
"51","19009","Audubon County, Iowa","B25107_007",111000,20945
"52","19009","Audubon County, Iowa","B25107_008",86500,8591
"53","19009","Audubon County, Iowa","B25107_009",67800,7761
"54","19009","Audubon County, Iowa","B25107_010",63600,33142
"55","19009","Audubon County, Iowa","B25107_011",81500,10996
"56","19011","Benton County, Iowa","B25107_001",166100,7140
"57","19011","Benton County, Iowa","B25107_002",NA,NA
"58","19011","Benton County, Iowa","B25107_003",357500,38458
"59","19011","Benton County, Iowa","B25107_004",271800,13852
"60","19011","Benton County, Iowa","B25107_005",215200,11850
"61","19011","Benton County, Iowa","B25107_006",150000,23199
"62","19011","Benton County, Iowa","B25107_007",175400,13246
"63","19011","Benton County, Iowa","B25107_008",129900,15193
"64","19011","Benton County, Iowa","B25107_009",133700,11779
"65","19011","Benton County, Iowa","B25107_010",141000,25192
"66","19011","Benton County, Iowa","B25107_011",115900,8292
"67","19013","Black Hawk County, Iowa","B25107_001",155400,3095
"68","19013","Black Hawk County, Iowa","B25107_002",NA,NA
"69","19013","Black Hawk County, Iowa","B25107_003",313100,20096
"70","19013","Black Hawk County, Iowa","B25107_004",239700,14386
"71","19013","Black Hawk County, Iowa","B25107_005",204100,22143
"72","19013","Black Hawk County, Iowa","B25107_006",182300,30101
"73","19013","Black Hawk County, Iowa","B25107_007",172600,6490
"74","19013","Black Hawk County, Iowa","B25107_008",161200,4582
"75","19013","Black Hawk County, Iowa","B25107_009",125400,6772
"76","19013","Black Hawk County, Iowa","B25107_010",108000,6359
"77","19013","Black Hawk County, Iowa","B25107_011",108600,6242
"78","19015","Boone County, Iowa","B25107_001",151400,7654
"79","19015","Boone County, Iowa","B25107_002",NA,NA
"80","19015","Boone County, Iowa","B25107_003",316800,85475
"81","19015","Boone County, Iowa","B25107_004",277800,33081
"82","19015","Boone County, Iowa","B25107_005",249300,34530
"83","19015","Boone County, Iowa","B25107_006",152100,36590
"84","19015","Boone County, Iowa","B25107_007",179600,21392
"85","19015","Boone County, Iowa","B25107_008",157700,24044
"86","19015","Boone County, Iowa","B25107_009",132300,14390
"87","19015","Boone County, Iowa","B25107_010",124600,15325
"88","19015","Boone County, Iowa","B25107_011",120400,5589
"89","19017","Bremer County, Iowa","B25107_001",173600,6939
"90","19017","Bremer County, Iowa","B25107_002",NA,NA
"91","19017","Bremer County, Iowa","B25107_003",278100,21249
"92","19017","Bremer County, Iowa","B25107_004",263800,16854
"93","19017","Bremer County, Iowa","B25107_005",281400,18266
"94","19017","Bremer County, Iowa","B25107_006",190600,28459
"95","19017","Bremer County, Iowa","B25107_007",186900,14498
"96","19017","Bremer County, Iowa","B25107_008",162900,12303
"97","19017","Bremer County, Iowa","B25107_009",135500,19324
"98","19017","Bremer County, Iowa","B25107_010",140100,12676
"99","19017","Bremer County, Iowa","B25107_011",132600,9674
"100","19019","Buchanan County, Iowa","B25107_001",146900,6099
"101","19019","Buchanan County, Iowa","B25107_002",NA,NA
"102","19019","Buchanan County, Iowa","B25107_003",302200,47741
"103","19019","Buchanan County, Iowa","B25107_004",212600,21635
"104","19019","Buchanan County, Iowa","B25107_005",173100,47501
"105","19019","Buchanan County, Iowa","B25107_006",159200,14322
"106","19019","Buchanan County, Iowa","B25107_007",142900,9395
"107","19019","Buchanan County, Iowa","B25107_008",138300,7876
"108","19019","Buchanan County, Iowa","B25107_009",122900,17711
"109","19019","Buchanan County, Iowa","B25107_010",117700,16242
"110","19019","Buchanan County, Iowa","B25107_011",116100,6355
"111","19021","Buena Vista County, Iowa","B25107_001",126300,9592
"112","19021","Buena Vista County, Iowa","B25107_002",NA,NA
"113","19021","Buena Vista County, Iowa","B25107_003",244500,63022
"114","19021","Buena Vista County, Iowa","B25107_004",221200,15368
"115","19021","Buena Vista County, Iowa","B25107_005",203700,37911
"116","19021","Buena Vista County, Iowa","B25107_006",277800,172472
"117","19021","Buena Vista County, Iowa","B25107_007",144200,29652
"118","19021","Buena Vista County, Iowa","B25107_008",120000,19056
"119","19021","Buena Vista County, Iowa","B25107_009",108800,24773
"120","19021","Buena Vista County, Iowa","B25107_010",77000,22747
"121","19021","Buena Vista County, Iowa","B25107_011",116300,17178
"122","19023","Butler County, Iowa","B25107_001",127700,7710
"123","19023","Butler County, Iowa","B25107_002",NA,NA
"124","19023","Butler County, Iowa","B25107_003",240800,33619
"125","19023","Butler County, Iowa","B25107_004",228600,22191
"126","19023","Butler County, Iowa","B25107_005",156600,10739
"127","19023","Butler County, Iowa","B25107_006",181500,55820
"128","19023","Butler County, Iowa","B25107_007",158900,16569
"129","19023","Butler County, Iowa","B25107_008",111000,9191
"130","19023","Butler County, Iowa","B25107_009",109800,15725
"131","19023","Butler County, Iowa","B25107_010",105400,16450
"132","19023","Butler County, Iowa","B25107_011",104800,7992
"133","19025","Calhoun County, Iowa","B25107_001",88900,4151
"134","19025","Calhoun County, Iowa","B25107_002",NA,NA
"135","19025","Calhoun County, Iowa","B25107_003",398400,77196
"136","19025","Calhoun County, Iowa","B25107_004",281000,74383
"137","19025","Calhoun County, Iowa","B25107_005",219800,37593
"138","19025","Calhoun County, Iowa","B25107_006",141100,82926
"139","19025","Calhoun County, Iowa","B25107_007",111200,22104
"140","19025","Calhoun County, Iowa","B25107_008",110200,35800
"141","19025","Calhoun County, Iowa","B25107_009",81000,6709
"142","19025","Calhoun County, Iowa","B25107_010",60600,10562
"143","19025","Calhoun County, Iowa","B25107_011",71300,4749
"144","19027","Carroll County, Iowa","B25107_001",143700,7148
"145","19027","Carroll County, Iowa","B25107_002",NA,NA
"146","19027","Carroll County, Iowa","B25107_003",331700,26091
"147","19027","Carroll County, Iowa","B25107_004",276400,37884
"148","19027","Carroll County, Iowa","B25107_005",209800,33283
"149","19027","Carroll County, Iowa","B25107_006",146500,11619
"150","19027","Carroll County, Iowa","B25107_007",164800,16902
"151","19027","Carroll County, Iowa","B25107_008",123900,21339
"152","19027","Carroll County, Iowa","B25107_009",109200,15805
"153","19027","Carroll County, Iowa","B25107_010",101500,33866
"154","19027","Carroll County, Iowa","B25107_011",112500,8904
"155","19029","Cass County, Iowa","B25107_001",112900,9767
"156","19029","Cass County, Iowa","B25107_002",NA,NA
"157","19029","Cass County, Iowa","B25107_003",425000,84406
"158","19029","Cass County, Iowa","B25107_004",310500,68883
"159","19029","Cass County, Iowa","B25107_005",211500,104325
"160","19029","Cass County, Iowa","B25107_006",183500,16754
"161","19029","Cass County, Iowa","B25107_007",134000,30990
"162","19029","Cass County, Iowa","B25107_008",102300,27022
"163","19029","Cass County, Iowa","B25107_009",105300,11920
"164","19029","Cass County, Iowa","B25107_010",89000,43082
"165","19029","Cass County, Iowa","B25107_011",84000,8364
"166","19031","Cedar County, Iowa","B25107_001",167500,4746
"167","19031","Cedar County, Iowa","B25107_002",341700,143494
"168","19031","Cedar County, Iowa","B25107_003",332600,28665
"169","19031","Cedar County, Iowa","B25107_004",294500,29538
"170","19031","Cedar County, Iowa","B25107_005",214800,34652
"171","19031","Cedar County, Iowa","B25107_006",186500,34742
"172","19031","Cedar County, Iowa","B25107_007",162000,10316
"173","19031","Cedar County, Iowa","B25107_008",144600,31107
"174","19031","Cedar County, Iowa","B25107_009",116400,22125
"175","19031","Cedar County, Iowa","B25107_010",132500,15318
"176","19031","Cedar County, Iowa","B25107_011",140300,14312
"177","19033","Cerro Gordo County, Iowa","B25107_001",133400,6653
"178","19033","Cerro Gordo County, Iowa","B25107_002",NA,NA
"179","19033","Cerro Gordo County, Iowa","B25107_003",300800,36327
"180","19033","Cerro Gordo County, Iowa","B25107_004",263100,22523
"181","19033","Cerro Gordo County, Iowa","B25107_005",219700,68701
"182","19033","Cerro Gordo County, Iowa","B25107_006",182300,46935
"183","19033","Cerro Gordo County, Iowa","B25107_007",163100,12453
"184","19033","Cerro Gordo County, Iowa","B25107_008",135600,14061
"185","19033","Cerro Gordo County, Iowa","B25107_009",104100,12010
"186","19033","Cerro Gordo County, Iowa","B25107_010",89800,11381
"187","19033","Cerro Gordo County, Iowa","B25107_011",105600,11617
"188","19035","Cherokee County, Iowa","B25107_001",120800,15397
"189","19035","Cherokee County, Iowa","B25107_002",NA,NA
"190","19035","Cherokee County, Iowa","B25107_003",346100,89271
"191","19035","Cherokee County, Iowa","B25107_004",285800,38581
"192","19035","Cherokee County, Iowa","B25107_005",184400,40669
"193","19035","Cherokee County, Iowa","B25107_006",207000,59311
"194","19035","Cherokee County, Iowa","B25107_007",163400,20781
"195","19035","Cherokee County, Iowa","B25107_008",121000,23563
"196","19035","Cherokee County, Iowa","B25107_009",79700,15139
"197","19035","Cherokee County, Iowa","B25107_010",68800,32752
"198","19035","Cherokee County, Iowa","B25107_011",102300,15371
"199","19037","Chickasaw County, Iowa","B25107_001",132900,10571
"200","19037","Chickasaw County, Iowa","B25107_002",NA,NA
"201","19037","Chickasaw County, Iowa","B25107_003",481300,210244
"202","19037","Chickasaw County, Iowa","B25107_004",229200,27011
"203","19037","Chickasaw County, Iowa","B25107_005",189000,22977
"204","19037","Chickasaw County, Iowa","B25107_006",164100,8062
"205","19037","Chickasaw County, Iowa","B25107_007",144100,18593
"206","19037","Chickasaw County, Iowa","B25107_008",113200,11092
"207","19037","Chickasaw County, Iowa","B25107_009",122300,25215
"208","19037","Chickasaw County, Iowa","B25107_010",116500,30586
"209","19037","Chickasaw County, Iowa","B25107_011",89100,5347
"210","19039","Clarke County, Iowa","B25107_001",125300,18372
"211","19039","Clarke County, Iowa","B25107_002",NA,NA
"212","19039","Clarke County, Iowa","B25107_003",267500,89116
"213","19039","Clarke County, Iowa","B25107_004",201300,113851
"214","19039","Clarke County, Iowa","B25107_005",215900,33215
"215","19039","Clarke County, Iowa","B25107_006",125000,76060
"216","19039","Clarke County, Iowa","B25107_007",119700,38404
"217","19039","Clarke County, Iowa","B25107_008",134600,25926
"218","19039","Clarke County, Iowa","B25107_009",74300,33170
"219","19039","Clarke County, Iowa","B25107_010",58800,18691
"220","19039","Clarke County, Iowa","B25107_011",86700,11922
"221","19041","Clay County, Iowa","B25107_001",134000,8804
"222","19041","Clay County, Iowa","B25107_002",NA,NA
"223","19041","Clay County, Iowa","B25107_003",286800,125971
"224","19041","Clay County, Iowa","B25107_004",269900,94742
"225","19041","Clay County, Iowa","B25107_005",237200,27808
"226","19041","Clay County, Iowa","B25107_006",165200,72260
"227","19041","Clay County, Iowa","B25107_007",169400,25056
"228","19041","Clay County, Iowa","B25107_008",147700,22692
"229","19041","Clay County, Iowa","B25107_009",101100,16723
"230","19041","Clay County, Iowa","B25107_010",105400,16825
"231","19041","Clay County, Iowa","B25107_011",106300,11185
"232","19043","Clayton County, Iowa","B25107_001",136000,8462
"233","19043","Clayton County, Iowa","B25107_002",NA,NA
"234","19043","Clayton County, Iowa","B25107_003",257600,36960
"235","19043","Clayton County, Iowa","B25107_004",191400,31946
"236","19043","Clayton County, Iowa","B25107_005",157200,32319
"237","19043","Clayton County, Iowa","B25107_006",159600,10001
"238","19043","Clayton County, Iowa","B25107_007",146900,12520
"239","19043","Clayton County, Iowa","B25107_008",151100,24298
"240","19043","Clayton County, Iowa","B25107_009",109400,6860
"241","19043","Clayton County, Iowa","B25107_010",127700,65813
"242","19043","Clayton County, Iowa","B25107_011",105800,8405
"243","19045","Clinton County, Iowa","B25107_001",128900,5570
"244","19045","Clinton County, Iowa","B25107_002",NA,NA
"245","19045","Clinton County, Iowa","B25107_003",334700,70977
"246","19045","Clinton County, Iowa","B25107_004",242800,38067
"247","19045","Clinton County, Iowa","B25107_005",232000,24492
"248","19045","Clinton County, Iowa","B25107_006",195300,28984
"249","19045","Clinton County, Iowa","B25107_007",138000,8487
"250","19045","Clinton County, Iowa","B25107_008",130900,11807
"251","19045","Clinton County, Iowa","B25107_009",116300,14626
"252","19045","Clinton County, Iowa","B25107_010",77700,11490
"253","19045","Clinton County, Iowa","B25107_011",91600,5739
"254","19047","Crawford County, Iowa","B25107_001",101200,10805
"255","19047","Crawford County, Iowa","B25107_002",NA,NA
"256","19047","Crawford County, Iowa","B25107_003",241400,76858
"257","19047","Crawford County, Iowa","B25107_004",234200,58260
"258","19047","Crawford County, Iowa","B25107_005",111500,36031
"259","19047","Crawford County, Iowa","B25107_006",95600,59828
"260","19047","Crawford County, Iowa","B25107_007",107500,15047
"261","19047","Crawford County, Iowa","B25107_008",121700,22073
"262","19047","Crawford County, Iowa","B25107_009",99900,13852
"263","19047","Crawford County, Iowa","B25107_010",73000,3234
"264","19047","Crawford County, Iowa","B25107_011",76400,8563
"265","19049","Dallas County, Iowa","B25107_001",273800,6659
"266","19049","Dallas County, Iowa","B25107_002",404400,69837
"267","19049","Dallas County, Iowa","B25107_003",363100,12772
"268","19049","Dallas County, Iowa","B25107_004",295300,13991
"269","19049","Dallas County, Iowa","B25107_005",256300,20119
"270","19049","Dallas County, Iowa","B25107_006",250900,51553
"271","19049","Dallas County, Iowa","B25107_007",179500,19881
"272","19049","Dallas County, Iowa","B25107_008",171200,14512
"273","19049","Dallas County, Iowa","B25107_009",134800,15734
"274","19049","Dallas County, Iowa","B25107_010",126200,24168
"275","19049","Dallas County, Iowa","B25107_011",135000,18875
"276","19051","Davis County, Iowa","B25107_001",124500,11914
"277","19051","Davis County, Iowa","B25107_002",NA,NA
"278","19051","Davis County, Iowa","B25107_003",253300,83918
"279","19051","Davis County, Iowa","B25107_004",258500,31329
"280","19051","Davis County, Iowa","B25107_005",227600,13433
"281","19051","Davis County, Iowa","B25107_006",148500,20174
"282","19051","Davis County, Iowa","B25107_007",115400,11531
"283","19051","Davis County, Iowa","B25107_008",88800,20039
"284","19051","Davis County, Iowa","B25107_009",144500,42100
"285","19051","Davis County, Iowa","B25107_010",97100,67633
"286","19051","Davis County, Iowa","B25107_011",97400,9556
"287","19053","Decatur County, Iowa","B25107_001",87900,6604
"288","19053","Decatur County, Iowa","B25107_002",NA,NA
"289","19053","Decatur County, Iowa","B25107_003",236700,82013
"290","19053","Decatur County, Iowa","B25107_004",228300,21679
"291","19053","Decatur County, Iowa","B25107_005",138800,52673
"292","19053","Decatur County, Iowa","B25107_006",77500,12236
"293","19053","Decatur County, Iowa","B25107_007",89700,13219
"294","19053","Decatur County, Iowa","B25107_008",94100,9377
"295","19053","Decatur County, Iowa","B25107_009",62300,8300
"296","19053","Decatur County, Iowa","B25107_010",34300,18264
"297","19053","Decatur County, Iowa","B25107_011",68200,6768
"298","19055","Delaware County, Iowa","B25107_001",146400,7981
"299","19055","Delaware County, Iowa","B25107_002",NA,NA
"300","19055","Delaware County, Iowa","B25107_003",310000,89570
"301","19055","Delaware County, Iowa","B25107_004",276400,37324
"302","19055","Delaware County, Iowa","B25107_005",226000,15303
"303","19055","Delaware County, Iowa","B25107_006",156600,28016
"304","19055","Delaware County, Iowa","B25107_007",151000,11367
"305","19055","Delaware County, Iowa","B25107_008",118400,18850
"306","19055","Delaware County, Iowa","B25107_009",102200,21501
"307","19055","Delaware County, Iowa","B25107_010",130800,31660
"308","19055","Delaware County, Iowa","B25107_011",123400,13517
"309","19057","Des Moines County, Iowa","B25107_001",119800,7743
"310","19057","Des Moines County, Iowa","B25107_002",NA,NA
"311","19057","Des Moines County, Iowa","B25107_003",241300,53031
"312","19057","Des Moines County, Iowa","B25107_004",248100,26494
"313","19057","Des Moines County, Iowa","B25107_005",191400,21761
"314","19057","Des Moines County, Iowa","B25107_006",160000,19538
"315","19057","Des Moines County, Iowa","B25107_007",155900,18041
"316","19057","Des Moines County, Iowa","B25107_008",150600,11628
"317","19057","Des Moines County, Iowa","B25107_009",115200,15684
"318","19057","Des Moines County, Iowa","B25107_010",92700,11996
"319","19057","Des Moines County, Iowa","B25107_011",82000,4896
"320","19059","Dickinson County, Iowa","B25107_001",211700,11369
"321","19059","Dickinson County, Iowa","B25107_002",NA,NA
"322","19059","Dickinson County, Iowa","B25107_003",378900,42520
"323","19059","Dickinson County, Iowa","B25107_004",279800,30656
"324","19059","Dickinson County, Iowa","B25107_005",229400,19873
"325","19059","Dickinson County, Iowa","B25107_006",222900,38779
"326","19059","Dickinson County, Iowa","B25107_007",195900,26712
"327","19059","Dickinson County, Iowa","B25107_008",212800,26739
"328","19059","Dickinson County, Iowa","B25107_009",142600,31073
"329","19059","Dickinson County, Iowa","B25107_010",152900,16653
"330","19059","Dickinson County, Iowa","B25107_011",135700,30231
"331","19061","Dubuque County, Iowa","B25107_001",183700,3666
"332","19061","Dubuque County, Iowa","B25107_002",280800,92979
"333","19061","Dubuque County, Iowa","B25107_003",320800,18336
"334","19061","Dubuque County, Iowa","B25107_004",297700,11180
"335","19061","Dubuque County, Iowa","B25107_005",223800,12817
"336","19061","Dubuque County, Iowa","B25107_006",200300,17740
"337","19061","Dubuque County, Iowa","B25107_007",182100,7278
"338","19061","Dubuque County, Iowa","B25107_008",164900,5892
"339","19061","Dubuque County, Iowa","B25107_009",147000,5545
"340","19061","Dubuque County, Iowa","B25107_010",132100,11149
"341","19061","Dubuque County, Iowa","B25107_011",123000,5089
"342","19063","Emmet County, Iowa","B25107_001",91000,6408
"343","19063","Emmet County, Iowa","B25107_002",NA,NA
"344","19063","Emmet County, Iowa","B25107_003",281300,120608
"345","19063","Emmet County, Iowa","B25107_004",174600,82255
"346","19063","Emmet County, Iowa","B25107_005",190700,53333
"347","19063","Emmet County, Iowa","B25107_006",NA,NA
"348","19063","Emmet County, Iowa","B25107_007",101000,34368
"349","19063","Emmet County, Iowa","B25107_008",88800,46350
"350","19063","Emmet County, Iowa","B25107_009",84800,6136
"351","19063","Emmet County, Iowa","B25107_010",81400,21379
"352","19063","Emmet County, Iowa","B25107_011",88900,16664
"353","19065","Fayette County, Iowa","B25107_001",109200,5257
"354","19065","Fayette County, Iowa","B25107_002",NA,NA
"355","19065","Fayette County, Iowa","B25107_003",233100,41294
"356","19065","Fayette County, Iowa","B25107_004",226800,29451
"357","19065","Fayette County, Iowa","B25107_005",169000,14299
"358","19065","Fayette County, Iowa","B25107_006",124300,25026
"359","19065","Fayette County, Iowa","B25107_007",139600,11553
"360","19065","Fayette County, Iowa","B25107_008",112500,9519
"361","19065","Fayette County, Iowa","B25107_009",100300,8133
"362","19065","Fayette County, Iowa","B25107_010",64900,6230
"363","19065","Fayette County, Iowa","B25107_011",83400,6205
"364","19067","Floyd County, Iowa","B25107_001",108400,6543
"365","19067","Floyd County, Iowa","B25107_002",NA,NA
"366","19067","Floyd County, Iowa","B25107_003",211900,109192
"367","19067","Floyd County, Iowa","B25107_004",207500,35837
"368","19067","Floyd County, Iowa","B25107_005",193500,86169
"369","19067","Floyd County, Iowa","B25107_006",139600,46044
"370","19067","Floyd County, Iowa","B25107_007",127100,12644
"371","19067","Floyd County, Iowa","B25107_008",123800,27176
"372","19067","Floyd County, Iowa","B25107_009",87300,6358
"373","19067","Floyd County, Iowa","B25107_010",95500,14324
"374","19067","Floyd County, Iowa","B25107_011",80100,5304
"375","19069","Franklin County, Iowa","B25107_001",94200,8622
"376","19069","Franklin County, Iowa","B25107_002",NA,NA
"377","19069","Franklin County, Iowa","B25107_003",NA,NA
"378","19069","Franklin County, Iowa","B25107_004",182400,62429
"379","19069","Franklin County, Iowa","B25107_005",156700,68534
"380","19069","Franklin County, Iowa","B25107_006",74500,12775
"381","19069","Franklin County, Iowa","B25107_007",117600,20875
"382","19069","Franklin County, Iowa","B25107_008",118200,43277
"383","19069","Franklin County, Iowa","B25107_009",96900,15981
"384","19069","Franklin County, Iowa","B25107_010",75500,17899
"385","19069","Franklin County, Iowa","B25107_011",79600,5866
"386","19071","Fremont County, Iowa","B25107_001",117500,7686
"387","19071","Fremont County, Iowa","B25107_002",NA,NA
"388","19071","Fremont County, Iowa","B25107_003",245200,141124
"389","19071","Fremont County, Iowa","B25107_004",303400,77426
"390","19071","Fremont County, Iowa","B25107_005",141700,45773
"391","19071","Fremont County, Iowa","B25107_006",135300,35487
"392","19071","Fremont County, Iowa","B25107_007",130600,15718
"393","19071","Fremont County, Iowa","B25107_008",131300,28114
"394","19071","Fremont County, Iowa","B25107_009",96700,14870
"395","19071","Fremont County, Iowa","B25107_010",71700,34642
"396","19071","Fremont County, Iowa","B25107_011",99600,11127
"397","19073","Greene County, Iowa","B25107_001",99300,9768
"398","19073","Greene County, Iowa","B25107_002",NA,NA
"399","19073","Greene County, Iowa","B25107_003",231300,41022
"400","19073","Greene County, Iowa","B25107_004",239400,30238
"401","19073","Greene County, Iowa","B25107_005",150900,66239
"402","19073","Greene County, Iowa","B25107_006",147900,37130
"403","19073","Greene County, Iowa","B25107_007",115200,35785
"404","19073","Greene County, Iowa","B25107_008",99700,45866
"405","19073","Greene County, Iowa","B25107_009",89900,9454
"406","19073","Greene County, Iowa","B25107_010",70000,25878
"407","19073","Greene County, Iowa","B25107_011",81800,16136
"408","19075","Grundy County, Iowa","B25107_001",148300,7466
"409","19075","Grundy County, Iowa","B25107_002",NA,NA
"410","19075","Grundy County, Iowa","B25107_003",324000,29473
"411","19075","Grundy County, Iowa","B25107_004",252200,33842
"412","19075","Grundy County, Iowa","B25107_005",212100,48564
"413","19075","Grundy County, Iowa","B25107_006",160600,51545
"414","19075","Grundy County, Iowa","B25107_007",159800,11213
"415","19075","Grundy County, Iowa","B25107_008",148600,18923
"416","19075","Grundy County, Iowa","B25107_009",115600,17814
"417","19075","Grundy County, Iowa","B25107_010",122300,36272
"418","19075","Grundy County, Iowa","B25107_011",123100,11623
"419","19077","Guthrie County, Iowa","B25107_001",138000,16189
"420","19077","Guthrie County, Iowa","B25107_002",NA,NA
"421","19077","Guthrie County, Iowa","B25107_003",289200,168133
"422","19077","Guthrie County, Iowa","B25107_004",239600,22641
"423","19077","Guthrie County, Iowa","B25107_005",211200,19976
"424","19077","Guthrie County, Iowa","B25107_006",173800,38389
"425","19077","Guthrie County, Iowa","B25107_007",136600,26433
"426","19077","Guthrie County, Iowa","B25107_008",134600,32624
"427","19077","Guthrie County, Iowa","B25107_009",93600,33292
"428","19077","Guthrie County, Iowa","B25107_010",91200,20198
"429","19077","Guthrie County, Iowa","B25107_011",84000,7402
"430","19079","Hamilton County, Iowa","B25107_001",105600,7486
"431","19079","Hamilton County, Iowa","B25107_002",NA,NA
"432","19079","Hamilton County, Iowa","B25107_003",313000,93771
"433","19079","Hamilton County, Iowa","B25107_004",191700,67960
"434","19079","Hamilton County, Iowa","B25107_005",202900,40954
"435","19079","Hamilton County, Iowa","B25107_006",109200,36449
"436","19079","Hamilton County, Iowa","B25107_007",129200,17175
"437","19079","Hamilton County, Iowa","B25107_008",92500,33231
"438","19079","Hamilton County, Iowa","B25107_009",87400,5691
"439","19079","Hamilton County, Iowa","B25107_010",96000,6420
"440","19079","Hamilton County, Iowa","B25107_011",94800,15780
"441","19081","Hancock County, Iowa","B25107_001",99600,9205
"442","19081","Hancock County, Iowa","B25107_002",NA,NA
"443","19081","Hancock County, Iowa","B25107_003",285400,59964
"444","19081","Hancock County, Iowa","B25107_004",240400,30570
"445","19081","Hancock County, Iowa","B25107_005",155000,54685
"446","19081","Hancock County, Iowa","B25107_006",108000,47660
"447","19081","Hancock County, Iowa","B25107_007",114000,20805
"448","19081","Hancock County, Iowa","B25107_008",84000,19854
"449","19081","Hancock County, Iowa","B25107_009",89800,8410
"450","19081","Hancock County, Iowa","B25107_010",78200,18946
"451","19081","Hancock County, Iowa","B25107_011",85900,7528
"452","19083","Hardin County, Iowa","B25107_001",97200,4192
"453","19083","Hardin County, Iowa","B25107_002",NA,NA
"454","19083","Hardin County, Iowa","B25107_003",302500,67876
"455","19083","Hardin County, Iowa","B25107_004",317800,54609
"456","19083","Hardin County, Iowa","B25107_005",168600,15492
"457","19083","Hardin County, Iowa","B25107_006",141700,42521
"458","19083","Hardin County, Iowa","B25107_007",114700,9813
"459","19083","Hardin County, Iowa","B25107_008",105100,9034
"460","19083","Hardin County, Iowa","B25107_009",96800,17339
"461","19083","Hardin County, Iowa","B25107_010",76400,8309
"462","19083","Hardin County, Iowa","B25107_011",80700,9764
"463","19085","Harrison County, Iowa","B25107_001",127800,6968
"464","19085","Harrison County, Iowa","B25107_002",NA,NA
"465","19085","Harrison County, Iowa","B25107_003",355100,26731
"466","19085","Harrison County, Iowa","B25107_004",202800,70105
"467","19085","Harrison County, Iowa","B25107_005",243900,29849
"468","19085","Harrison County, Iowa","B25107_006",107500,23172
"469","19085","Harrison County, Iowa","B25107_007",157200,11101
"470","19085","Harrison County, Iowa","B25107_008",149700,18334
"471","19085","Harrison County, Iowa","B25107_009",137500,21092
"472","19085","Harrison County, Iowa","B25107_010",80000,20863
"473","19085","Harrison County, Iowa","B25107_011",94000,5997
"474","19087","Henry County, Iowa","B25107_001",126400,7507
"475","19087","Henry County, Iowa","B25107_002",NA,NA
"476","19087","Henry County, Iowa","B25107_003",297000,45488
"477","19087","Henry County, Iowa","B25107_004",253800,66187
"478","19087","Henry County, Iowa","B25107_005",169500,18934
"479","19087","Henry County, Iowa","B25107_006",109000,10390
"480","19087","Henry County, Iowa","B25107_007",147900,14571
"481","19087","Henry County, Iowa","B25107_008",137100,9531
"482","19087","Henry County, Iowa","B25107_009",107900,14985
"483","19087","Henry County, Iowa","B25107_010",92000,15187
"484","19087","Henry County, Iowa","B25107_011",100500,9020
"485","19089","Howard County, Iowa","B25107_001",113800,10710
"486","19089","Howard County, Iowa","B25107_002",NA,NA
"487","19089","Howard County, Iowa","B25107_003",279500,92328
"488","19089","Howard County, Iowa","B25107_004",250800,35004
"489","19089","Howard County, Iowa","B25107_005",152600,18660
"490","19089","Howard County, Iowa","B25107_006",145800,39627
"491","19089","Howard County, Iowa","B25107_007",150500,22447
"492","19089","Howard County, Iowa","B25107_008",86800,10471
"493","19089","Howard County, Iowa","B25107_009",85000,6303
"494","19089","Howard County, Iowa","B25107_010",73600,5051
"495","19089","Howard County, Iowa","B25107_011",88700,9266
"496","19091","Humboldt County, Iowa","B25107_001",113800,6943
"497","19091","Humboldt County, Iowa","B25107_002",NA,NA
"498","19091","Humboldt County, Iowa","B25107_003",396000,75514
"499","19091","Humboldt County, Iowa","B25107_004",284600,28071
"500","19091","Humboldt County, Iowa","B25107_005",199100,45643
"501","19091","Humboldt County, Iowa","B25107_006",106000,21282
"502","19091","Humboldt County, Iowa","B25107_007",139400,25472
"503","19091","Humboldt County, Iowa","B25107_008",110000,22284
"504","19091","Humboldt County, Iowa","B25107_009",95200,5720
"505","19091","Humboldt County, Iowa","B25107_010",118400,26471
"506","19091","Humboldt County, Iowa","B25107_011",85700,20028
"507","19093","Ida County, Iowa","B25107_001",95000,6790
"508","19093","Ida County, Iowa","B25107_002",NA,NA
"509","19093","Ida County, Iowa","B25107_003",231300,185472
"510","19093","Ida County, Iowa","B25107_004",246700,59421
"511","19093","Ida County, Iowa","B25107_005",140000,39707
"512","19093","Ida County, Iowa","B25107_006",112500,41456
"513","19093","Ida County, Iowa","B25107_007",101700,24491
"514","19093","Ida County, Iowa","B25107_008",140000,58715
"515","19093","Ida County, Iowa","B25107_009",90800,15774
"516","19093","Ida County, Iowa","B25107_010",91500,13926
"517","19093","Ida County, Iowa","B25107_011",81700,8265
"518","19095","Iowa County, Iowa","B25107_001",155900,7405
"519","19095","Iowa County, Iowa","B25107_002",NA,NA
"520","19095","Iowa County, Iowa","B25107_003",331800,126366
"521","19095","Iowa County, Iowa","B25107_004",251000,37383
"522","19095","Iowa County, Iowa","B25107_005",182500,35530
"523","19095","Iowa County, Iowa","B25107_006",157800,32600
"524","19095","Iowa County, Iowa","B25107_007",142400,7860
"525","19095","Iowa County, Iowa","B25107_008",158100,8253
"526","19095","Iowa County, Iowa","B25107_009",139700,29087
"527","19095","Iowa County, Iowa","B25107_010",134400,23998
"528","19095","Iowa County, Iowa","B25107_011",117200,9234
"529","19097","Jackson County, Iowa","B25107_001",138600,7741
"530","19097","Jackson County, Iowa","B25107_002",NA,NA
"531","19097","Jackson County, Iowa","B25107_003",270000,42065
"532","19097","Jackson County, Iowa","B25107_004",249700,27345
"533","19097","Jackson County, Iowa","B25107_005",168500,32238
"534","19097","Jackson County, Iowa","B25107_006",181300,52570
"535","19097","Jackson County, Iowa","B25107_007",158100,13199
"536","19097","Jackson County, Iowa","B25107_008",130600,23971
"537","19097","Jackson County, Iowa","B25107_009",95300,8034
"538","19097","Jackson County, Iowa","B25107_010",82400,15924
"539","19097","Jackson County, Iowa","B25107_011",102900,12409
"540","19099","Jasper County, Iowa","B25107_001",142500,4433
"541","19099","Jasper County, Iowa","B25107_002",NA,NA
"542","19099","Jasper County, Iowa","B25107_003",288500,15177
"543","19099","Jasper County, Iowa","B25107_004",256100,15740
"544","19099","Jasper County, Iowa","B25107_005",210800,31919
"545","19099","Jasper County, Iowa","B25107_006",172700,22922
"546","19099","Jasper County, Iowa","B25107_007",160100,8714
"547","19099","Jasper County, Iowa","B25107_008",133500,8825
"548","19099","Jasper County, Iowa","B25107_009",119000,9906
"549","19099","Jasper County, Iowa","B25107_010",104300,22884
"550","19099","Jasper County, Iowa","B25107_011",104200,10197
"551","19101","Jefferson County, Iowa","B25107_001",119500,13445
"552","19101","Jefferson County, Iowa","B25107_002",NA,NA
"553","19101","Jefferson County, Iowa","B25107_003",156900,129104
"554","19101","Jefferson County, Iowa","B25107_004",155900,46559
"555","19101","Jefferson County, Iowa","B25107_005",208500,46607
"556","19101","Jefferson County, Iowa","B25107_006",129900,44718
"557","19101","Jefferson County, Iowa","B25107_007",114800,61210
"558","19101","Jefferson County, Iowa","B25107_008",132700,20439
"559","19101","Jefferson County, Iowa","B25107_009",98100,57142
"560","19101","Jefferson County, Iowa","B25107_010",77000,29200
"561","19101","Jefferson County, Iowa","B25107_011",91400,19651
"562","19103","Johnson County, Iowa","B25107_001",248100,5306
"563","19103","Johnson County, Iowa","B25107_002",377700,154723
"564","19103","Johnson County, Iowa","B25107_003",341300,19970
"565","19103","Johnson County, Iowa","B25107_004",289400,12153
"566","19103","Johnson County, Iowa","B25107_005",256900,21198
"567","19103","Johnson County, Iowa","B25107_006",226500,13332
"568","19103","Johnson County, Iowa","B25107_007",213700,10617
"569","19103","Johnson County, Iowa","B25107_008",217400,9721
"570","19103","Johnson County, Iowa","B25107_009",202400,20307
"571","19103","Johnson County, Iowa","B25107_010",189200,19469
"572","19103","Johnson County, Iowa","B25107_011",237500,13607
"573","19105","Jones County, Iowa","B25107_001",146400,6466
"574","19105","Jones County, Iowa","B25107_002",NA,NA
"575","19105","Jones County, Iowa","B25107_003",241100,29701
"576","19105","Jones County, Iowa","B25107_004",276300,22866
"577","19105","Jones County, Iowa","B25107_005",183100,26207
"578","19105","Jones County, Iowa","B25107_006",147400,27529
"579","19105","Jones County, Iowa","B25107_007",161600,11288
"580","19105","Jones County, Iowa","B25107_008",130300,9063
"581","19105","Jones County, Iowa","B25107_009",116700,10052
"582","19105","Jones County, Iowa","B25107_010",89000,19902
"583","19105","Jones County, Iowa","B25107_011",106300,8650
"584","19107","Keokuk County, Iowa","B25107_001",97700,5205
"585","19107","Keokuk County, Iowa","B25107_002",NA,NA
"586","19107","Keokuk County, Iowa","B25107_003",189200,13145
"587","19107","Keokuk County, Iowa","B25107_004",255100,56577
"588","19107","Keokuk County, Iowa","B25107_005",167300,58780
"589","19107","Keokuk County, Iowa","B25107_006",99400,24084
"590","19107","Keokuk County, Iowa","B25107_007",122900,23322
"591","19107","Keokuk County, Iowa","B25107_008",123000,24611
"592","19107","Keokuk County, Iowa","B25107_009",79400,20952
"593","19107","Keokuk County, Iowa","B25107_010",80700,11955
"594","19107","Keokuk County, Iowa","B25107_011",72700,4672
"595","19109","Kossuth County, Iowa","B25107_001",112900,7418
"596","19109","Kossuth County, Iowa","B25107_002",412500,325179
"597","19109","Kossuth County, Iowa","B25107_003",281700,18963
"598","19109","Kossuth County, Iowa","B25107_004",293200,36882
"599","19109","Kossuth County, Iowa","B25107_005",212000,35131
"600","19109","Kossuth County, Iowa","B25107_006",118500,39307
"601","19109","Kossuth County, Iowa","B25107_007",145000,15449
"602","19109","Kossuth County, Iowa","B25107_008",108200,16170
"603","19109","Kossuth County, Iowa","B25107_009",107700,21752
"604","19109","Kossuth County, Iowa","B25107_010",68000,9284
"605","19109","Kossuth County, Iowa","B25107_011",69500,8198
"606","19111","Lee County, Iowa","B25107_001",102800,7289
"607","19111","Lee County, Iowa","B25107_002",NA,NA
"608","19111","Lee County, Iowa","B25107_003",227500,24601
"609","19111","Lee County, Iowa","B25107_004",265800,24847
"610","19111","Lee County, Iowa","B25107_005",136300,46712
"611","19111","Lee County, Iowa","B25107_006",110000,25065
"612","19111","Lee County, Iowa","B25107_007",154000,9548
"613","19111","Lee County, Iowa","B25107_008",138400,17341
"614","19111","Lee County, Iowa","B25107_009",94200,6539
"615","19111","Lee County, Iowa","B25107_010",80200,12112
"616","19111","Lee County, Iowa","B25107_011",72100,5771
"617","19113","Linn County, Iowa","B25107_001",167000,2376
"618","19113","Linn County, Iowa","B25107_002",662500,209730
"619","19113","Linn County, Iowa","B25107_003",273400,20689
"620","19113","Linn County, Iowa","B25107_004",253300,9274
"621","19113","Linn County, Iowa","B25107_005",209100,8826
"622","19113","Linn County, Iowa","B25107_006",187000,9485
"623","19113","Linn County, Iowa","B25107_007",162000,6266
"624","19113","Linn County, Iowa","B25107_008",147500,2899
"625","19113","Linn County, Iowa","B25107_009",130900,3426
"626","19113","Linn County, Iowa","B25107_010",129800,4242
"627","19113","Linn County, Iowa","B25107_011",129500,4127
"628","19115","Louisa County, Iowa","B25107_001",117600,7678
"629","19115","Louisa County, Iowa","B25107_002",NA,NA
"630","19115","Louisa County, Iowa","B25107_003",194000,62991
"631","19115","Louisa County, Iowa","B25107_004",208300,58627
"632","19115","Louisa County, Iowa","B25107_005",112500,66855
"633","19115","Louisa County, Iowa","B25107_006",98300,38672
"634","19115","Louisa County, Iowa","B25107_007",122400,14019
"635","19115","Louisa County, Iowa","B25107_008",106500,28770
"636","19115","Louisa County, Iowa","B25107_009",108600,23729
"637","19115","Louisa County, Iowa","B25107_010",87300,23605
"638","19115","Louisa County, Iowa","B25107_011",105600,12431
"639","19117","Lucas County, Iowa","B25107_001",95600,7817
"640","19117","Lucas County, Iowa","B25107_002",NA,NA
"641","19117","Lucas County, Iowa","B25107_003",188600,52670
"642","19117","Lucas County, Iowa","B25107_004",204500,39745
"643","19117","Lucas County, Iowa","B25107_005",104500,41957
"644","19117","Lucas County, Iowa","B25107_006",125000,43368
"645","19117","Lucas County, Iowa","B25107_007",118800,18076
"646","19117","Lucas County, Iowa","B25107_008",107400,15757
"647","19117","Lucas County, Iowa","B25107_009",72500,35873
"648","19117","Lucas County, Iowa","B25107_010",43000,32950
"649","19117","Lucas County, Iowa","B25107_011",64800,7419
"650","19119","Lyon County, Iowa","B25107_001",167900,8565
"651","19119","Lyon County, Iowa","B25107_002",NA,NA
"652","19119","Lyon County, Iowa","B25107_003",376800,43855
"653","19119","Lyon County, Iowa","B25107_004",298800,30979
"654","19119","Lyon County, Iowa","B25107_005",234100,18548
"655","19119","Lyon County, Iowa","B25107_006",160800,30916
"656","19119","Lyon County, Iowa","B25107_007",165800,16704
"657","19119","Lyon County, Iowa","B25107_008",153200,22211
"658","19119","Lyon County, Iowa","B25107_009",114600,27523
"659","19119","Lyon County, Iowa","B25107_010",113400,9055
"660","19119","Lyon County, Iowa","B25107_011",107300,14291
"661","19121","Madison County, Iowa","B25107_001",193700,12749
"662","19121","Madison County, Iowa","B25107_002",NA,NA
"663","19121","Madison County, Iowa","B25107_003",364700,66116
"664","19121","Madison County, Iowa","B25107_004",266000,50609
"665","19121","Madison County, Iowa","B25107_005",184400,15303
"666","19121","Madison County, Iowa","B25107_006",211400,48921
"667","19121","Madison County, Iowa","B25107_007",190900,31092
"668","19121","Madison County, Iowa","B25107_008",154400,20576
"669","19121","Madison County, Iowa","B25107_009",141500,39005
"670","19121","Madison County, Iowa","B25107_010",172900,42101
"671","19121","Madison County, Iowa","B25107_011",164300,13136
"672","19123","Mahaska County, Iowa","B25107_001",118600,4609
"673","19123","Mahaska County, Iowa","B25107_002",NA,NA
"674","19123","Mahaska County, Iowa","B25107_003",238900,31922
"675","19123","Mahaska County, Iowa","B25107_004",240100,25752
"676","19123","Mahaska County, Iowa","B25107_005",163600,21680
"677","19123","Mahaska County, Iowa","B25107_006",125400,39250
"678","19123","Mahaska County, Iowa","B25107_007",125500,11454
"679","19123","Mahaska County, Iowa","B25107_008",121700,33217
"680","19123","Mahaska County, Iowa","B25107_009",95800,5860
"681","19123","Mahaska County, Iowa","B25107_010",84600,14108
"682","19123","Mahaska County, Iowa","B25107_011",96100,7623
"683","19125","Marion County, Iowa","B25107_001",163500,7572
"684","19125","Marion County, Iowa","B25107_002",NA,NA
"685","19125","Marion County, Iowa","B25107_003",321400,49452
"686","19125","Marion County, Iowa","B25107_004",272400,21011
"687","19125","Marion County, Iowa","B25107_005",227300,25454
"688","19125","Marion County, Iowa","B25107_006",205900,32515
"689","19125","Marion County, Iowa","B25107_007",177900,19092
"690","19125","Marion County, Iowa","B25107_008",145500,20289
"691","19125","Marion County, Iowa","B25107_009",138100,23808
"692","19125","Marion County, Iowa","B25107_010",109400,11898
"693","19125","Marion County, Iowa","B25107_011",98300,7855
"694","19127","Marshall County, Iowa","B25107_001",106900,4382
"695","19127","Marshall County, Iowa","B25107_002",NA,NA
"696","19127","Marshall County, Iowa","B25107_003",197300,94207
"697","19127","Marshall County, Iowa","B25107_004",235900,19279
"698","19127","Marshall County, Iowa","B25107_005",125700,87666
"699","19127","Marshall County, Iowa","B25107_006",101100,34874
"700","19127","Marshall County, Iowa","B25107_007",139700,7645
"701","19127","Marshall County, Iowa","B25107_008",116600,7638
"702","19127","Marshall County, Iowa","B25107_009",109800,6922
"703","19127","Marshall County, Iowa","B25107_010",94900,9104
"704","19127","Marshall County, Iowa","B25107_011",81200,4495
"705","19129","Mills County, Iowa","B25107_001",190300,11977
"706","19129","Mills County, Iowa","B25107_002",NA,NA
"707","19129","Mills County, Iowa","B25107_003",415200,70873
"708","19129","Mills County, Iowa","B25107_004",292300,31067
"709","19129","Mills County, Iowa","B25107_005",254100,22219
"710","19129","Mills County, Iowa","B25107_006",275000,60139
"711","19129","Mills County, Iowa","B25107_007",160900,10423
"712","19129","Mills County, Iowa","B25107_008",168200,31179
"713","19129","Mills County, Iowa","B25107_009",96600,46715
"714","19129","Mills County, Iowa","B25107_010",126300,23441
"715","19129","Mills County, Iowa","B25107_011",142100,15908
"716","19131","Mitchell County, Iowa","B25107_001",124600,17731
"717","19131","Mitchell County, Iowa","B25107_002",NA,NA
"718","19131","Mitchell County, Iowa","B25107_003",310300,77854
"719","19131","Mitchell County, Iowa","B25107_004",253600,34759
"720","19131","Mitchell County, Iowa","B25107_005",235000,67615
"721","19131","Mitchell County, Iowa","B25107_006",167800,46739
"722","19131","Mitchell County, Iowa","B25107_007",119600,33895
"723","19131","Mitchell County, Iowa","B25107_008",118200,14201
"724","19131","Mitchell County, Iowa","B25107_009",102000,12849
"725","19131","Mitchell County, Iowa","B25107_010",93300,52571
"726","19131","Mitchell County, Iowa","B25107_011",99800,13089
"727","19133","Monona County, Iowa","B25107_001",99300,9439
"728","19133","Monona County, Iowa","B25107_002",NA,NA
"729","19133","Monona County, Iowa","B25107_003",225000,61318
"730","19133","Monona County, Iowa","B25107_004",256100,49487
"731","19133","Monona County, Iowa","B25107_005",116700,67275
"732","19133","Monona County, Iowa","B25107_006",158700,56187
"733","19133","Monona County, Iowa","B25107_007",133100,28263
"734","19133","Monona County, Iowa","B25107_008",106100,20079
"735","19133","Monona County, Iowa","B25107_009",54600,11164
"736","19133","Monona County, Iowa","B25107_010",70300,7041
"737","19133","Monona County, Iowa","B25107_011",76300,9535
"738","19135","Monroe County, Iowa","B25107_001",115000,14346
"739","19135","Monroe County, Iowa","B25107_002",NA,NA
"740","19135","Monroe County, Iowa","B25107_003",362500,93593
"741","19135","Monroe County, Iowa","B25107_004",165700,30533
"742","19135","Monroe County, Iowa","B25107_005",138800,138369
"743","19135","Monroe County, Iowa","B25107_006",164200,13324
"744","19135","Monroe County, Iowa","B25107_007",112800,17458
"745","19135","Monroe County, Iowa","B25107_008",103500,39097
"746","19135","Monroe County, Iowa","B25107_009",97200,11150
"747","19135","Monroe County, Iowa","B25107_010",NA,NA
"748","19135","Monroe County, Iowa","B25107_011",86600,10826
"749","19137","Montgomery County, Iowa","B25107_001",88200,4640
"750","19137","Montgomery County, Iowa","B25107_002",NA,NA
"751","19137","Montgomery County, Iowa","B25107_003",269800,60616
"752","19137","Montgomery County, Iowa","B25107_004",277100,62271
"753","19137","Montgomery County, Iowa","B25107_005",201600,127305
"754","19137","Montgomery County, Iowa","B25107_006",158100,48855
"755","19137","Montgomery County, Iowa","B25107_007",99100,17560
"756","19137","Montgomery County, Iowa","B25107_008",99400,42233
"757","19137","Montgomery County, Iowa","B25107_009",70000,12724
"758","19137","Montgomery County, Iowa","B25107_010",69400,10300
"759","19137","Montgomery County, Iowa","B25107_011",75100,7860
"760","19139","Muscatine County, Iowa","B25107_001",144100,8304
"761","19139","Muscatine County, Iowa","B25107_002",NA,NA
"762","19139","Muscatine County, Iowa","B25107_003",264800,84822
"763","19139","Muscatine County, Iowa","B25107_004",248800,34907
"764","19139","Muscatine County, Iowa","B25107_005",167400,24694
"765","19139","Muscatine County, Iowa","B25107_006",167100,20833
"766","19139","Muscatine County, Iowa","B25107_007",163700,11248
"767","19139","Muscatine County, Iowa","B25107_008",155900,10995
"768","19139","Muscatine County, Iowa","B25107_009",110800,11631
"769","19139","Muscatine County, Iowa","B25107_010",119300,41940
"770","19139","Muscatine County, Iowa","B25107_011",107900,6042
"771","19141","O'Brien County, Iowa","B25107_001",122900,9467
"772","19141","O'Brien County, Iowa","B25107_002",NA,NA
"773","19141","O'Brien County, Iowa","B25107_003",380900,67466
"774","19141","O'Brien County, Iowa","B25107_004",269200,21857
"775","19141","O'Brien County, Iowa","B25107_005",195100,20140
"776","19141","O'Brien County, Iowa","B25107_006",143500,36087
"777","19141","O'Brien County, Iowa","B25107_007",133200,40634
"778","19141","O'Brien County, Iowa","B25107_008",118400,15372
"779","19141","O'Brien County, Iowa","B25107_009",119500,18527
"780","19141","O'Brien County, Iowa","B25107_010",75600,7134
"781","19141","O'Brien County, Iowa","B25107_011",91000,16108
"782","19143","Osceola County, Iowa","B25107_001",104400,8902
"783","19143","Osceola County, Iowa","B25107_002",NA,NA
"784","19143","Osceola County, Iowa","B25107_003",332500,55248
"785","19143","Osceola County, Iowa","B25107_004",310700,74614
"786","19143","Osceola County, Iowa","B25107_005",212500,32402
"787","19143","Osceola County, Iowa","B25107_006",NA,NA
"788","19143","Osceola County, Iowa","B25107_007",157100,26260
"789","19143","Osceola County, Iowa","B25107_008",102800,19312
"790","19143","Osceola County, Iowa","B25107_009",103800,24864
"791","19143","Osceola County, Iowa","B25107_010",58600,14246
"792","19143","Osceola County, Iowa","B25107_011",73900,15590
"793","19145","Page County, Iowa","B25107_001",96200,3946
"794","19145","Page County, Iowa","B25107_002",NA,NA
"795","19145","Page County, Iowa","B25107_003",NA,NA
"796","19145","Page County, Iowa","B25107_004",2e+05,37132
"797","19145","Page County, Iowa","B25107_005",172900,48795
"798","19145","Page County, Iowa","B25107_006",108900,32488
"799","19145","Page County, Iowa","B25107_007",119700,9495
"800","19145","Page County, Iowa","B25107_008",116500,23954
"801","19145","Page County, Iowa","B25107_009",93700,7159
"802","19145","Page County, Iowa","B25107_010",85200,16371
"803","19145","Page County, Iowa","B25107_011",75400,7624
"804","19147","Palo Alto County, Iowa","B25107_001",110800,9884
"805","19147","Palo Alto County, Iowa","B25107_002",NA,NA
"806","19147","Palo Alto County, Iowa","B25107_003",407100,189098
"807","19147","Palo Alto County, Iowa","B25107_004",241100,39845
"808","19147","Palo Alto County, Iowa","B25107_005",167900,37550
"809","19147","Palo Alto County, Iowa","B25107_006",177700,38060
"810","19147","Palo Alto County, Iowa","B25107_007",139500,19777
"811","19147","Palo Alto County, Iowa","B25107_008",155000,43205
"812","19147","Palo Alto County, Iowa","B25107_009",76600,10009
"813","19147","Palo Alto County, Iowa","B25107_010",71500,20919
"814","19147","Palo Alto County, Iowa","B25107_011",69100,9952
"815","19149","Plymouth County, Iowa","B25107_001",176800,8109
"816","19149","Plymouth County, Iowa","B25107_002",NA,NA
"817","19149","Plymouth County, Iowa","B25107_003",337800,19362
"818","19149","Plymouth County, Iowa","B25107_004",302500,28452
"819","19149","Plymouth County, Iowa","B25107_005",242200,45124
"820","19149","Plymouth County, Iowa","B25107_006",183600,25971
"821","19149","Plymouth County, Iowa","B25107_007",164800,13307
"822","19149","Plymouth County, Iowa","B25107_008",153600,17326
"823","19149","Plymouth County, Iowa","B25107_009",150500,13263
"824","19149","Plymouth County, Iowa","B25107_010",139600,29313
"825","19149","Plymouth County, Iowa","B25107_011",142600,8864
"826","19151","Pocahontas County, Iowa","B25107_001",83900,6007
"827","19151","Pocahontas County, Iowa","B25107_002",NA,NA
"828","19151","Pocahontas County, Iowa","B25107_003",NA,NA
"829","19151","Pocahontas County, Iowa","B25107_004",217500,43068
"830","19151","Pocahontas County, Iowa","B25107_005",137500,15491
"831","19151","Pocahontas County, Iowa","B25107_006",204200,87677
"832","19151","Pocahontas County, Iowa","B25107_007",97700,30232
"833","19151","Pocahontas County, Iowa","B25107_008",85400,6424
"834","19151","Pocahontas County, Iowa","B25107_009",57800,14142
"835","19151","Pocahontas County, Iowa","B25107_010",99000,16114
"836","19151","Pocahontas County, Iowa","B25107_011",68800,8241
"837","19153","Polk County, Iowa","B25107_001",201300,2530
"838","19153","Polk County, Iowa","B25107_002",311800,54271
"839","19153","Polk County, Iowa","B25107_003",325900,11804
"840","19153","Polk County, Iowa","B25107_004",256000,7088
"841","19153","Polk County, Iowa","B25107_005",255600,7354
"842","19153","Polk County, Iowa","B25107_006",220000,8445
"843","19153","Polk County, Iowa","B25107_007",185500,6171
"844","19153","Polk County, Iowa","B25107_008",175000,4507
"845","19153","Polk County, Iowa","B25107_009",156400,2703
"846","19153","Polk County, Iowa","B25107_010",140800,9198
"847","19153","Polk County, Iowa","B25107_011",142600,4450
"848","19155","Pottawattamie County, Iowa","B25107_001",149500,3681
"849","19155","Pottawattamie County, Iowa","B25107_002",NA,NA
"850","19155","Pottawattamie County, Iowa","B25107_003",298700,38460
"851","19155","Pottawattamie County, Iowa","B25107_004",246700,17383
"852","19155","Pottawattamie County, Iowa","B25107_005",217700,16440
"853","19155","Pottawattamie County, Iowa","B25107_006",166400,12687
"854","19155","Pottawattamie County, Iowa","B25107_007",176100,11392
"855","19155","Pottawattamie County, Iowa","B25107_008",148800,7569
"856","19155","Pottawattamie County, Iowa","B25107_009",118100,4312
"857","19155","Pottawattamie County, Iowa","B25107_010",111000,9486
"858","19155","Pottawattamie County, Iowa","B25107_011",113500,3270
"859","19157","Poweshiek County, Iowa","B25107_001",153400,8044
"860","19157","Poweshiek County, Iowa","B25107_002",NA,NA
"861","19157","Poweshiek County, Iowa","B25107_003",363800,64216
"862","19157","Poweshiek County, Iowa","B25107_004",233200,81470
"863","19157","Poweshiek County, Iowa","B25107_005",195700,50017
"864","19157","Poweshiek County, Iowa","B25107_006",179700,39251
"865","19157","Poweshiek County, Iowa","B25107_007",174500,19252
"866","19157","Poweshiek County, Iowa","B25107_008",151300,19752
"867","19157","Poweshiek County, Iowa","B25107_009",131100,27030
"868","19157","Poweshiek County, Iowa","B25107_010",89400,34049
"869","19157","Poweshiek County, Iowa","B25107_011",116100,16662
"870","19159","Ringgold County, Iowa","B25107_001",111300,10971
"871","19159","Ringgold County, Iowa","B25107_002",NA,NA
"872","19159","Ringgold County, Iowa","B25107_003",263100,23227
"873","19159","Ringgold County, Iowa","B25107_004",210900,44900
"874","19159","Ringgold County, Iowa","B25107_005",168800,80892
"875","19159","Ringgold County, Iowa","B25107_006",112500,103579
"876","19159","Ringgold County, Iowa","B25107_007",88600,11185
"877","19159","Ringgold County, Iowa","B25107_008",93300,27841
"878","19159","Ringgold County, Iowa","B25107_009",59300,19544
"879","19159","Ringgold County, Iowa","B25107_010",59200,11685
"880","19159","Ringgold County, Iowa","B25107_011",101000,26313
"881","19161","Sac County, Iowa","B25107_001",104100,8231
"882","19161","Sac County, Iowa","B25107_002",NA,NA
"883","19161","Sac County, Iowa","B25107_003",267500,121681
"884","19161","Sac County, Iowa","B25107_004",292500,82553
"885","19161","Sac County, Iowa","B25107_005",184100,11778
"886","19161","Sac County, Iowa","B25107_006",181300,60168
"887","19161","Sac County, Iowa","B25107_007",106100,16287
"888","19161","Sac County, Iowa","B25107_008",119400,12530
"889","19161","Sac County, Iowa","B25107_009",87200,11872
"890","19161","Sac County, Iowa","B25107_010",69100,11725
"891","19161","Sac County, Iowa","B25107_011",82000,9227
"892","19163","Scott County, Iowa","B25107_001",172100,3087
"893","19163","Scott County, Iowa","B25107_002",NA,NA
"894","19163","Scott County, Iowa","B25107_003",370600,12468
"895","19163","Scott County, Iowa","B25107_004",312400,17150
"896","19163","Scott County, Iowa","B25107_005",282300,12166
"897","19163","Scott County, Iowa","B25107_006",222100,15856
"898","19163","Scott County, Iowa","B25107_007",175000,6251
"899","19163","Scott County, Iowa","B25107_008",154200,4809
"900","19163","Scott County, Iowa","B25107_009",129400,5342
"901","19163","Scott County, Iowa","B25107_010",125800,8623
"902","19163","Scott County, Iowa","B25107_011",112500,4429
"903","19165","Shelby County, Iowa","B25107_001",137900,12218
"904","19165","Shelby County, Iowa","B25107_002",NA,NA
"905","19165","Shelby County, Iowa","B25107_003",NA,NA
"906","19165","Shelby County, Iowa","B25107_004",254800,41646
"907","19165","Shelby County, Iowa","B25107_005",170000,22140
"908","19165","Shelby County, Iowa","B25107_006",163200,21351
"909","19165","Shelby County, Iowa","B25107_007",157500,27289
"910","19165","Shelby County, Iowa","B25107_008",133700,18969
"911","19165","Shelby County, Iowa","B25107_009",110600,12136
"912","19165","Shelby County, Iowa","B25107_010",92100,26169
"913","19165","Shelby County, Iowa","B25107_011",113700,10045
"914","19167","Sioux County, Iowa","B25107_001",194700,7841
"915","19167","Sioux County, Iowa","B25107_002",NA,NA
"916","19167","Sioux County, Iowa","B25107_003",356400,24833
"917","19167","Sioux County, Iowa","B25107_004",251900,21514
"918","19167","Sioux County, Iowa","B25107_005",230900,33602
"919","19167","Sioux County, Iowa","B25107_006",236400,17155
"920","19167","Sioux County, Iowa","B25107_007",183800,15357
"921","19167","Sioux County, Iowa","B25107_008",176300,17108
"922","19167","Sioux County, Iowa","B25107_009",154000,22073
"923","19167","Sioux County, Iowa","B25107_010",139900,26500
"924","19167","Sioux County, Iowa","B25107_011",148400,13380
"925","19169","Story County, Iowa","B25107_001",205300,6072
"926","19169","Story County, Iowa","B25107_002",NA,NA
"927","19169","Story County, Iowa","B25107_003",339500,19582
"928","19169","Story County, Iowa","B25107_004",282800,14959
"929","19169","Story County, Iowa","B25107_005",232700,12985
"930","19169","Story County, Iowa","B25107_006",214300,15975
"931","19169","Story County, Iowa","B25107_007",195900,11906
"932","19169","Story County, Iowa","B25107_008",182500,8743
"933","19169","Story County, Iowa","B25107_009",168000,6722
"934","19169","Story County, Iowa","B25107_010",155500,17954
"935","19169","Story County, Iowa","B25107_011",163600,6258
"936","19171","Tama County, Iowa","B25107_001",117800,4471
"937","19171","Tama County, Iowa","B25107_002",NA,NA
"938","19171","Tama County, Iowa","B25107_003",248800,47444
"939","19171","Tama County, Iowa","B25107_004",248000,25698
"940","19171","Tama County, Iowa","B25107_005",184700,17585
"941","19171","Tama County, Iowa","B25107_006",186700,17365
"942","19171","Tama County, Iowa","B25107_007",141200,17019
"943","19171","Tama County, Iowa","B25107_008",140500,12980
"944","19171","Tama County, Iowa","B25107_009",98700,9607
"945","19171","Tama County, Iowa","B25107_010",84200,4823
"946","19171","Tama County, Iowa","B25107_011",99700,8395
"947","19173","Taylor County, Iowa","B25107_001",89000,5510
"948","19173","Taylor County, Iowa","B25107_002",NA,NA
"949","19173","Taylor County, Iowa","B25107_003",230400,12356
"950","19173","Taylor County, Iowa","B25107_004",225000,24323
"951","19173","Taylor County, Iowa","B25107_005",80000,49737
"952","19173","Taylor County, Iowa","B25107_006",84700,20470
"953","19173","Taylor County, Iowa","B25107_007",90100,13230
"954","19173","Taylor County, Iowa","B25107_008",87000,25574
"955","19173","Taylor County, Iowa","B25107_009",126400,39291
"956","19173","Taylor County, Iowa","B25107_010",81300,8080
"957","19173","Taylor County, Iowa","B25107_011",79200,8381
"958","19175","Union County, Iowa","B25107_001",109200,7459
"959","19175","Union County, Iowa","B25107_002",NA,NA
"960","19175","Union County, Iowa","B25107_003",248100,41681
"961","19175","Union County, Iowa","B25107_004",256900,66080
"962","19175","Union County, Iowa","B25107_005",194300,116749
"963","19175","Union County, Iowa","B25107_006",99800,13209
"964","19175","Union County, Iowa","B25107_007",134900,18185
"965","19175","Union County, Iowa","B25107_008",117600,9985
"966","19175","Union County, Iowa","B25107_009",107200,27419
"967","19175","Union County, Iowa","B25107_010",93800,11622
"968","19175","Union County, Iowa","B25107_011",78200,6261
"969","19177","Van Buren County, Iowa","B25107_001",97500,11381
"970","19177","Van Buren County, Iowa","B25107_002",NA,NA
"971","19177","Van Buren County, Iowa","B25107_003",190600,91787
"972","19177","Van Buren County, Iowa","B25107_004",211400,38564
"973","19177","Van Buren County, Iowa","B25107_005",128400,40035
"974","19177","Van Buren County, Iowa","B25107_006",NA,NA
"975","19177","Van Buren County, Iowa","B25107_007",90700,20538
"976","19177","Van Buren County, Iowa","B25107_008",113000,29489
"977","19177","Van Buren County, Iowa","B25107_009",66500,37185
"978","19177","Van Buren County, Iowa","B25107_010",127300,76137
"979","19177","Van Buren County, Iowa","B25107_011",73400,8466
"980","19179","Wapello County, Iowa","B25107_001",89600,6359
"981","19179","Wapello County, Iowa","B25107_002",NA,NA
"982","19179","Wapello County, Iowa","B25107_003",280600,111362
"983","19179","Wapello County, Iowa","B25107_004",251200,56018
"984","19179","Wapello County, Iowa","B25107_005",181800,13554
"985","19179","Wapello County, Iowa","B25107_006",120100,20431
"986","19179","Wapello County, Iowa","B25107_007",124300,31016
"987","19179","Wapello County, Iowa","B25107_008",127200,24199
"988","19179","Wapello County, Iowa","B25107_009",82900,13826
"989","19179","Wapello County, Iowa","B25107_010",76300,8501
"990","19179","Wapello County, Iowa","B25107_011",72300,2908
"991","19181","Warren County, Iowa","B25107_001",210800,7818
"992","19181","Warren County, Iowa","B25107_002",NA,NA
"993","19181","Warren County, Iowa","B25107_003",350300,17473
"994","19181","Warren County, Iowa","B25107_004",290100,16265
"995","19181","Warren County, Iowa","B25107_005",242200,30729
"996","19181","Warren County, Iowa","B25107_006",187500,42123
"997","19181","Warren County, Iowa","B25107_007",179600,7598
"998","19181","Warren County, Iowa","B25107_008",160300,7555
"999","19181","Warren County, Iowa","B25107_009",146600,7901
"1000","19181","Warren County, Iowa","B25107_010",151600,47608
"1001","19181","Warren County, Iowa","B25107_011",156500,9193
"1002","19183","Washington County, Iowa","B25107_001",159200,8172
"1003","19183","Washington County, Iowa","B25107_002",NA,NA
"1004","19183","Washington County, Iowa","B25107_003",381600,48786
"1005","19183","Washington County, Iowa","B25107_004",264600,11209
"1006","19183","Washington County, Iowa","B25107_005",198500,32252
"1007","19183","Washington County, Iowa","B25107_006",186300,50327
"1008","19183","Washington County, Iowa","B25107_007",162300,12506
"1009","19183","Washington County, Iowa","B25107_008",148900,16347
"1010","19183","Washington County, Iowa","B25107_009",125000,29113
"1011","19183","Washington County, Iowa","B25107_010",165000,18192
"1012","19183","Washington County, Iowa","B25107_011",118400,7653
"1013","19185","Wayne County, Iowa","B25107_001",83500,5423
"1014","19185","Wayne County, Iowa","B25107_002",NA,NA
"1015","19185","Wayne County, Iowa","B25107_003",237000,62702
"1016","19185","Wayne County, Iowa","B25107_004",202700,70896
"1017","19185","Wayne County, Iowa","B25107_005",115200,49173
"1018","19185","Wayne County, Iowa","B25107_006",91000,21208
"1019","19185","Wayne County, Iowa","B25107_007",86900,7623
"1020","19185","Wayne County, Iowa","B25107_008",88800,28910
"1021","19185","Wayne County, Iowa","B25107_009",81900,17849
"1022","19185","Wayne County, Iowa","B25107_010",53000,17003
"1023","19185","Wayne County, Iowa","B25107_011",60300,7743
"1024","19187","Webster County, Iowa","B25107_001",110900,6741
"1025","19187","Webster County, Iowa","B25107_002",NA,NA
"1026","19187","Webster County, Iowa","B25107_003",271700,55845
"1027","19187","Webster County, Iowa","B25107_004",265400,55209
"1028","19187","Webster County, Iowa","B25107_005",208000,68846
"1029","19187","Webster County, Iowa","B25107_006",152900,16320
"1030","19187","Webster County, Iowa","B25107_007",145100,13227
"1031","19187","Webster County, Iowa","B25107_008",129800,16800
"1032","19187","Webster County, Iowa","B25107_009",95300,4754
"1033","19187","Webster County, Iowa","B25107_010",81800,12750
"1034","19187","Webster County, Iowa","B25107_011",78300,4403
"1035","19189","Winnebago County, Iowa","B25107_001",104000,7592
"1036","19189","Winnebago County, Iowa","B25107_002",NA,NA
"1037","19189","Winnebago County, Iowa","B25107_003",3e+05,85638
"1038","19189","Winnebago County, Iowa","B25107_004",168500,85249
"1039","19189","Winnebago County, Iowa","B25107_005",262100,71329
"1040","19189","Winnebago County, Iowa","B25107_006",134300,20597
"1041","19189","Winnebago County, Iowa","B25107_007",97800,3274
"1042","19189","Winnebago County, Iowa","B25107_008",109300,9989
"1043","19189","Winnebago County, Iowa","B25107_009",87300,11971
"1044","19189","Winnebago County, Iowa","B25107_010",105100,16348
"1045","19189","Winnebago County, Iowa","B25107_011",90400,8438
"1046","19191","Winneshiek County, Iowa","B25107_001",196100,9371
"1047","19191","Winneshiek County, Iowa","B25107_002",NA,NA
"1048","19191","Winneshiek County, Iowa","B25107_003",334500,27305
"1049","19191","Winneshiek County, Iowa","B25107_004",336000,40291
"1050","19191","Winneshiek County, Iowa","B25107_005",231300,33360
"1051","19191","Winneshiek County, Iowa","B25107_006",223400,15950
"1052","19191","Winneshiek County, Iowa","B25107_007",184500,16168
"1053","19191","Winneshiek County, Iowa","B25107_008",174100,19640
"1054","19191","Winneshiek County, Iowa","B25107_009",173900,28521
"1055","19191","Winneshiek County, Iowa","B25107_010",149700,33578
"1056","19191","Winneshiek County, Iowa","B25107_011",145800,13038
"1057","19193","Woodbury County, Iowa","B25107_001",139600,5195
"1058","19193","Woodbury County, Iowa","B25107_002",NA,NA
"1059","19193","Woodbury County, Iowa","B25107_003",318400,34486
"1060","19193","Woodbury County, Iowa","B25107_004",249400,33124
"1061","19193","Woodbury County, Iowa","B25107_005",223000,14114
"1062","19193","Woodbury County, Iowa","B25107_006",208800,19458
"1063","19193","Woodbury County, Iowa","B25107_007",171200,7210
"1064","19193","Woodbury County, Iowa","B25107_008",150100,7651
"1065","19193","Woodbury County, Iowa","B25107_009",120500,4728
"1066","19193","Woodbury County, Iowa","B25107_010",94900,5875
"1067","19193","Woodbury County, Iowa","B25107_011",98900,4293
"1068","19195","Worth County, Iowa","B25107_001",112500,7242
"1069","19195","Worth County, Iowa","B25107_002",NA,NA
"1070","19195","Worth County, Iowa","B25107_003",272900,86372
"1071","19195","Worth County, Iowa","B25107_004",229400,51743
"1072","19195","Worth County, Iowa","B25107_005",138000,51525
"1073","19195","Worth County, Iowa","B25107_006",161300,34000
"1074","19195","Worth County, Iowa","B25107_007",137500,14849
"1075","19195","Worth County, Iowa","B25107_008",111300,13536
"1076","19195","Worth County, Iowa","B25107_009",1e+05,13859
"1077","19195","Worth County, Iowa","B25107_010",88100,5887
"1078","19195","Worth County, Iowa","B25107_011",96900,8283
"1079","19197","Wright County, Iowa","B25107_001",90900,5308
"1080","19197","Wright County, Iowa","B25107_002",NA,NA
"1081","19197","Wright County, Iowa","B25107_003",172600,103663
"1082","19197","Wright County, Iowa","B25107_004",238300,69027
"1083","19197","Wright County, Iowa","B25107_005",113900,63486
"1084","19197","Wright County, Iowa","B25107_006",115100,27306
"1085","19197","Wright County, Iowa","B25107_007",115300,10371
"1086","19197","Wright County, Iowa","B25107_008",93100,4984
"1087","19197","Wright County, Iowa","B25107_009",85700,5701
"1088","19197","Wright County, Iowa","B25107_010",74700,18448
"1089","19197","Wright County, Iowa","B25107_011",76000,6792
